<?xml version="1.0" encoding="UTF-8"?>
<frame>
  <cameras>
    <camera camera_id="0">
      <photo path="../../../images/IMG_20161118_162459.jpg">
        <meta>
          <property name="Exif/ApertureValue" value="2"/>
          <property name="Exif/DateTime" value="2016:11:18 16:24:59"/>
          <property name="Exif/DateTimeOriginal" value="2016:11:18 16:24:59"/>
          <property name="Exif/ExposureTime" value="0.0588235294117647"/>
          <property name="Exif/FNumber" value="2"/>
          <property name="Exif/FocalLength" value="4.26"/>
          <property name="Exif/FocalLengthIn35mmFilm" value="25"/>
          <property name="Exif/ISOSpeedRatings" value="2500"/>
          <property name="Exif/Make" value="OnePlus"/>
          <property name="Exif/Model" value="ONEPLUS A3003"/>
          <property name="Exif/ShutterSpeedValue" value="4.058"/>
          <property name="Exif/Software" value="OnePlus3-user 6.0.1 MMB29M 26 dev-keys"/>
          <property name="File/ImageHeight" value="2610"/>
          <property name="File/ImageWidth" value="4640"/>
          <property name="System/FileModifyDate" value="2016:11:20 08:11:56"/>
          <property name="System/FileSize" value="2562401"/>
        </meta>
      </photo>
    </camera>
    <camera camera_id="1">
      <photo path="../../../images/IMG_20161118_162501.jpg">
        <meta>
          <property name="Exif/ApertureValue" value="2"/>
          <property name="Exif/DateTime" value="2016:11:18 16:25:00"/>
          <property name="Exif/DateTimeOriginal" value="2016:11:18 16:25:00"/>
          <property name="Exif/ExposureTime" value="0.0588235294117647"/>
          <property name="Exif/FNumber" value="2"/>
          <property name="Exif/FocalLength" value="4.26"/>
          <property name="Exif/FocalLengthIn35mmFilm" value="25"/>
          <property name="Exif/ISOSpeedRatings" value="3200"/>
          <property name="Exif/Make" value="OnePlus"/>
          <property name="Exif/Model" value="ONEPLUS A3003"/>
          <property name="Exif/ShutterSpeedValue" value="4.058"/>
          <property name="Exif/Software" value="OnePlus3-user 6.0.1 MMB29M 26 dev-keys"/>
          <property name="File/ImageHeight" value="2610"/>
          <property name="File/ImageWidth" value="4640"/>
          <property name="System/FileModifyDate" value="2016:11:20 08:11:53"/>
          <property name="System/FileSize" value="2160289"/>
        </meta>
      </photo>
    </camera>
    <camera camera_id="2">
      <photo path="../../../images/IMG_20161118_162502.jpg">
        <meta>
          <property name="Exif/ApertureValue" value="2"/>
          <property name="Exif/DateTime" value="2016:11:18 16:25:02"/>
          <property name="Exif/DateTimeOriginal" value="2016:11:18 16:25:02"/>
          <property name="Exif/ExposureTime" value="0.0588235294117647"/>
          <property name="Exif/FNumber" value="2"/>
          <property name="Exif/FocalLength" value="4.26"/>
          <property name="Exif/FocalLengthIn35mmFilm" value="25"/>
          <property name="Exif/ISOSpeedRatings" value="2500"/>
          <property name="Exif/Make" value="OnePlus"/>
          <property name="Exif/Model" value="ONEPLUS A3003"/>
          <property name="Exif/ShutterSpeedValue" value="4.058"/>
          <property name="Exif/Software" value="OnePlus3-user 6.0.1 MMB29M 26 dev-keys"/>
          <property name="File/ImageHeight" value="2610"/>
          <property name="File/ImageWidth" value="4640"/>
          <property name="System/FileModifyDate" value="2016:11:20 08:11:49"/>
          <property name="System/FileSize" value="2246326"/>
        </meta>
      </photo>
    </camera>
    <camera camera_id="3">
      <photo path="../../../images/IMG_20161118_162504.jpg">
        <meta>
          <property name="Exif/ApertureValue" value="2"/>
          <property name="Exif/DateTime" value="2016:11:18 16:25:03"/>
          <property name="Exif/DateTimeOriginal" value="2016:11:18 16:25:03"/>
          <property name="Exif/ExposureTime" value="0.0588235294117647"/>
          <property name="Exif/FNumber" value="2"/>
          <property name="Exif/FocalLength" value="4.26"/>
          <property name="Exif/FocalLengthIn35mmFilm" value="25"/>
          <property name="Exif/ISOSpeedRatings" value="2500"/>
          <property name="Exif/Make" value="OnePlus"/>
          <property name="Exif/Model" value="ONEPLUS A3003"/>
          <property name="Exif/ShutterSpeedValue" value="4.058"/>
          <property name="Exif/Software" value="OnePlus3-user 6.0.1 MMB29M 26 dev-keys"/>
          <property name="File/ImageHeight" value="2610"/>
          <property name="File/ImageWidth" value="4640"/>
          <property name="System/FileModifyDate" value="2016:11:20 08:11:44"/>
          <property name="System/FileSize" value="2081657"/>
        </meta>
      </photo>
    </camera>
    <camera camera_id="4">
      <photo path="../../../images/IMG_20161118_162505.jpg">
        <meta>
          <property name="Exif/ApertureValue" value="2"/>
          <property name="Exif/DateTime" value="2016:11:18 16:25:05"/>
          <property name="Exif/DateTimeOriginal" value="2016:11:18 16:25:05"/>
          <property name="Exif/ExposureTime" value="0.0588235294117647"/>
          <property name="Exif/FNumber" value="2"/>
          <property name="Exif/FocalLength" value="4.26"/>
          <property name="Exif/FocalLengthIn35mmFilm" value="25"/>
          <property name="Exif/ISOSpeedRatings" value="3200"/>
          <property name="Exif/Make" value="OnePlus"/>
          <property name="Exif/Model" value="ONEPLUS A3003"/>
          <property name="Exif/ShutterSpeedValue" value="4.058"/>
          <property name="Exif/Software" value="OnePlus3-user 6.0.1 MMB29M 26 dev-keys"/>
          <property name="File/ImageHeight" value="2610"/>
          <property name="File/ImageWidth" value="4640"/>
          <property name="System/FileModifyDate" value="2016:11:20 08:11:40"/>
          <property name="System/FileSize" value="2437777"/>
        </meta>
      </photo>
    </camera>
    <camera camera_id="5">
      <photo path="../../../images/IMG_20161118_162507.jpg">
        <meta>
          <property name="Exif/ApertureValue" value="2"/>
          <property name="Exif/DateTime" value="2016:11:18 16:25:07"/>
          <property name="Exif/DateTimeOriginal" value="2016:11:18 16:25:07"/>
          <property name="Exif/ExposureTime" value="0.0588235294117647"/>
          <property name="Exif/FNumber" value="2"/>
          <property name="Exif/FocalLength" value="4.26"/>
          <property name="Exif/FocalLengthIn35mmFilm" value="25"/>
          <property name="Exif/ISOSpeedRatings" value="2000"/>
          <property name="Exif/Make" value="OnePlus"/>
          <property name="Exif/Model" value="ONEPLUS A3003"/>
          <property name="Exif/ShutterSpeedValue" value="4.058"/>
          <property name="Exif/Software" value="OnePlus3-user 6.0.1 MMB29M 26 dev-keys"/>
          <property name="File/ImageHeight" value="2610"/>
          <property name="File/ImageWidth" value="4640"/>
          <property name="System/FileModifyDate" value="2016:11:20 08:11:36"/>
          <property name="System/FileSize" value="2233430"/>
        </meta>
      </photo>
    </camera>
    <camera camera_id="6">
      <photo path="../../../images/IMG_20161118_162508.jpg">
        <meta>
          <property name="Exif/ApertureValue" value="2"/>
          <property name="Exif/DateTime" value="2016:11:18 16:25:08"/>
          <property name="Exif/DateTimeOriginal" value="2016:11:18 16:25:08"/>
          <property name="Exif/ExposureTime" value="0.0588235294117647"/>
          <property name="Exif/FNumber" value="2"/>
          <property name="Exif/FocalLength" value="4.26"/>
          <property name="Exif/FocalLengthIn35mmFilm" value="25"/>
          <property name="Exif/ISOSpeedRatings" value="2500"/>
          <property name="Exif/Make" value="OnePlus"/>
          <property name="Exif/Model" value="ONEPLUS A3003"/>
          <property name="Exif/ShutterSpeedValue" value="4.058"/>
          <property name="Exif/Software" value="OnePlus3-user 6.0.1 MMB29M 26 dev-keys"/>
          <property name="File/ImageHeight" value="2610"/>
          <property name="File/ImageWidth" value="4640"/>
          <property name="System/FileModifyDate" value="2016:11:20 08:11:32"/>
          <property name="System/FileSize" value="2349678"/>
        </meta>
      </photo>
    </camera>
    <camera camera_id="7">
      <photo path="../../../images/IMG_20161118_162512.jpg">
        <meta>
          <property name="Exif/ApertureValue" value="2"/>
          <property name="Exif/DateTime" value="2016:11:18 16:25:11"/>
          <property name="Exif/DateTimeOriginal" value="2016:11:18 16:25:11"/>
          <property name="Exif/ExposureTime" value="0.0588235294117647"/>
          <property name="Exif/FNumber" value="2"/>
          <property name="Exif/FocalLength" value="4.26"/>
          <property name="Exif/FocalLengthIn35mmFilm" value="25"/>
          <property name="Exif/ISOSpeedRatings" value="2500"/>
          <property name="Exif/Make" value="OnePlus"/>
          <property name="Exif/Model" value="ONEPLUS A3003"/>
          <property name="Exif/ShutterSpeedValue" value="4.058"/>
          <property name="Exif/Software" value="OnePlus3-user 6.0.1 MMB29M 26 dev-keys"/>
          <property name="File/ImageHeight" value="2610"/>
          <property name="File/ImageWidth" value="4640"/>
          <property name="System/FileModifyDate" value="2016:11:20 08:11:28"/>
          <property name="System/FileSize" value="2009301"/>
        </meta>
      </photo>
    </camera>
    <camera camera_id="8">
      <photo path="../../../images/IMG_20161118_162514.jpg">
        <meta>
          <property name="Exif/ApertureValue" value="2"/>
          <property name="Exif/DateTime" value="2016:11:18 16:25:14"/>
          <property name="Exif/DateTimeOriginal" value="2016:11:18 16:25:14"/>
          <property name="Exif/ExposureTime" value="0.0588235294117647"/>
          <property name="Exif/FNumber" value="2"/>
          <property name="Exif/FocalLength" value="4.26"/>
          <property name="Exif/FocalLengthIn35mmFilm" value="25"/>
          <property name="Exif/ISOSpeedRatings" value="4000"/>
          <property name="Exif/Make" value="OnePlus"/>
          <property name="Exif/Model" value="ONEPLUS A3003"/>
          <property name="Exif/ShutterSpeedValue" value="4.058"/>
          <property name="Exif/Software" value="OnePlus3-user 6.0.1 MMB29M 26 dev-keys"/>
          <property name="File/ImageHeight" value="2610"/>
          <property name="File/ImageWidth" value="4640"/>
          <property name="System/FileModifyDate" value="2016:11:20 08:11:25"/>
          <property name="System/FileSize" value="1913542"/>
        </meta>
      </photo>
    </camera>
    <camera camera_id="9">
      <photo path="../../../images/IMG_20161118_162516.jpg">
        <meta>
          <property name="Exif/ApertureValue" value="2"/>
          <property name="Exif/DateTime" value="2016:11:18 16:25:16"/>
          <property name="Exif/DateTimeOriginal" value="2016:11:18 16:25:16"/>
          <property name="Exif/ExposureTime" value="0.0588235294117647"/>
          <property name="Exif/FNumber" value="2"/>
          <property name="Exif/FocalLength" value="4.26"/>
          <property name="Exif/FocalLengthIn35mmFilm" value="25"/>
          <property name="Exif/ISOSpeedRatings" value="3200"/>
          <property name="Exif/Make" value="OnePlus"/>
          <property name="Exif/Model" value="ONEPLUS A3003"/>
          <property name="Exif/ShutterSpeedValue" value="4.058"/>
          <property name="Exif/Software" value="OnePlus3-user 6.0.1 MMB29M 26 dev-keys"/>
          <property name="File/ImageHeight" value="2610"/>
          <property name="File/ImageWidth" value="4640"/>
          <property name="System/FileModifyDate" value="2016:11:20 08:11:22"/>
          <property name="System/FileSize" value="2414261"/>
        </meta>
      </photo>
    </camera>
    <camera camera_id="10">
      <photo path="../../../images/IMG_20161118_162518.jpg">
        <meta>
          <property name="Exif/ApertureValue" value="2"/>
          <property name="Exif/DateTime" value="2016:11:18 16:25:18"/>
          <property name="Exif/DateTimeOriginal" value="2016:11:18 16:25:18"/>
          <property name="Exif/ExposureTime" value="0.0588235294117647"/>
          <property name="Exif/FNumber" value="2"/>
          <property name="Exif/FocalLength" value="4.26"/>
          <property name="Exif/FocalLengthIn35mmFilm" value="25"/>
          <property name="Exif/ISOSpeedRatings" value="3200"/>
          <property name="Exif/Make" value="OnePlus"/>
          <property name="Exif/Model" value="ONEPLUS A3003"/>
          <property name="Exif/ShutterSpeedValue" value="4.058"/>
          <property name="Exif/Software" value="OnePlus3-user 6.0.1 MMB29M 26 dev-keys"/>
          <property name="File/ImageHeight" value="2610"/>
          <property name="File/ImageWidth" value="4640"/>
          <property name="System/FileModifyDate" value="2016:11:20 08:11:18"/>
          <property name="System/FileSize" value="2405597"/>
        </meta>
      </photo>
    </camera>
    <camera camera_id="11">
      <photo path="../../../images/IMG_20161118_162522.jpg">
        <meta>
          <property name="Exif/ApertureValue" value="2"/>
          <property name="Exif/DateTime" value="2016:11:18 16:25:22"/>
          <property name="Exif/DateTimeOriginal" value="2016:11:18 16:25:22"/>
          <property name="Exif/ExposureTime" value="0.0588235294117647"/>
          <property name="Exif/FNumber" value="2"/>
          <property name="Exif/FocalLength" value="4.26"/>
          <property name="Exif/FocalLengthIn35mmFilm" value="25"/>
          <property name="Exif/ISOSpeedRatings" value="2500"/>
          <property name="Exif/Make" value="OnePlus"/>
          <property name="Exif/Model" value="ONEPLUS A3003"/>
          <property name="Exif/ShutterSpeedValue" value="4.058"/>
          <property name="Exif/Software" value="OnePlus3-user 6.0.1 MMB29M 26 dev-keys"/>
          <property name="File/ImageHeight" value="2610"/>
          <property name="File/ImageWidth" value="4640"/>
          <property name="System/FileModifyDate" value="2016:11:20 08:11:14"/>
          <property name="System/FileSize" value="2071331"/>
        </meta>
      </photo>
    </camera>
    <camera camera_id="12">
      <photo path="../../../images/IMG_20161118_162525.jpg">
        <meta>
          <property name="Exif/ApertureValue" value="2"/>
          <property name="Exif/DateTime" value="2016:11:18 16:25:25"/>
          <property name="Exif/DateTimeOriginal" value="2016:11:18 16:25:25"/>
          <property name="Exif/ExposureTime" value="0.0588235294117647"/>
          <property name="Exif/FNumber" value="2"/>
          <property name="Exif/FocalLength" value="4.26"/>
          <property name="Exif/FocalLengthIn35mmFilm" value="25"/>
          <property name="Exif/ISOSpeedRatings" value="3200"/>
          <property name="Exif/Make" value="OnePlus"/>
          <property name="Exif/Model" value="ONEPLUS A3003"/>
          <property name="Exif/ShutterSpeedValue" value="4.058"/>
          <property name="Exif/Software" value="OnePlus3-user 6.0.1 MMB29M 26 dev-keys"/>
          <property name="File/ImageHeight" value="2610"/>
          <property name="File/ImageWidth" value="4640"/>
          <property name="System/FileModifyDate" value="2016:11:20 08:11:10"/>
          <property name="System/FileSize" value="2184531"/>
        </meta>
      </photo>
    </camera>
    <camera camera_id="13">
      <photo path="../../../images/IMG_20161118_162528.jpg">
        <meta>
          <property name="Exif/ApertureValue" value="2"/>
          <property name="Exif/DateTime" value="2016:11:18 16:25:27"/>
          <property name="Exif/DateTimeOriginal" value="2016:11:18 16:25:27"/>
          <property name="Exif/ExposureTime" value="0.0588235294117647"/>
          <property name="Exif/FNumber" value="2"/>
          <property name="Exif/FocalLength" value="4.26"/>
          <property name="Exif/FocalLengthIn35mmFilm" value="25"/>
          <property name="Exif/ISOSpeedRatings" value="2500"/>
          <property name="Exif/Make" value="OnePlus"/>
          <property name="Exif/Model" value="ONEPLUS A3003"/>
          <property name="Exif/ShutterSpeedValue" value="4.058"/>
          <property name="Exif/Software" value="OnePlus3-user 6.0.1 MMB29M 26 dev-keys"/>
          <property name="File/ImageHeight" value="2610"/>
          <property name="File/ImageWidth" value="4640"/>
          <property name="System/FileModifyDate" value="2016:11:20 08:11:07"/>
          <property name="System/FileSize" value="2150493"/>
        </meta>
      </photo>
    </camera>
    <camera camera_id="14">
      <photo path="../../../images/IMG_20161118_162530.jpg">
        <meta>
          <property name="Exif/ApertureValue" value="2"/>
          <property name="Exif/DateTime" value="2016:11:18 16:25:30"/>
          <property name="Exif/DateTimeOriginal" value="2016:11:18 16:25:30"/>
          <property name="Exif/ExposureTime" value="0.0588235294117647"/>
          <property name="Exif/FNumber" value="2"/>
          <property name="Exif/FocalLength" value="4.26"/>
          <property name="Exif/FocalLengthIn35mmFilm" value="25"/>
          <property name="Exif/ISOSpeedRatings" value="2500"/>
          <property name="Exif/Make" value="OnePlus"/>
          <property name="Exif/Model" value="ONEPLUS A3003"/>
          <property name="Exif/ShutterSpeedValue" value="4.058"/>
          <property name="Exif/Software" value="OnePlus3-user 6.0.1 MMB29M 26 dev-keys"/>
          <property name="File/ImageHeight" value="2610"/>
          <property name="File/ImageWidth" value="4640"/>
          <property name="System/FileModifyDate" value="2016:11:20 08:11:05"/>
          <property name="System/FileSize" value="1966624"/>
        </meta>
      </photo>
    </camera>
    <camera camera_id="15">
      <photo path="../../../images/IMG_20161118_162534.jpg">
        <meta>
          <property name="Exif/ApertureValue" value="2"/>
          <property name="Exif/DateTime" value="2016:11:18 16:25:33"/>
          <property name="Exif/DateTimeOriginal" value="2016:11:18 16:25:33"/>
          <property name="Exif/ExposureTime" value="0.0588235294117647"/>
          <property name="Exif/FNumber" value="2"/>
          <property name="Exif/FocalLength" value="4.26"/>
          <property name="Exif/FocalLengthIn35mmFilm" value="25"/>
          <property name="Exif/ISOSpeedRatings" value="3200"/>
          <property name="Exif/Make" value="OnePlus"/>
          <property name="Exif/Model" value="ONEPLUS A3003"/>
          <property name="Exif/ShutterSpeedValue" value="4.058"/>
          <property name="Exif/Software" value="OnePlus3-user 6.0.1 MMB29M 26 dev-keys"/>
          <property name="File/ImageHeight" value="2610"/>
          <property name="File/ImageWidth" value="4640"/>
          <property name="System/FileModifyDate" value="2016:11:20 08:11:02"/>
          <property name="System/FileSize" value="2350463"/>
        </meta>
      </photo>
    </camera>
    <camera camera_id="16">
      <photo path="../../../images/IMG_20161118_162537.jpg">
        <meta>
          <property name="Exif/ApertureValue" value="2"/>
          <property name="Exif/DateTime" value="2016:11:18 16:25:37"/>
          <property name="Exif/DateTimeOriginal" value="2016:11:18 16:25:37"/>
          <property name="Exif/ExposureTime" value="0.0588235294117647"/>
          <property name="Exif/FNumber" value="2"/>
          <property name="Exif/FocalLength" value="4.26"/>
          <property name="Exif/FocalLengthIn35mmFilm" value="25"/>
          <property name="Exif/ISOSpeedRatings" value="3200"/>
          <property name="Exif/Make" value="OnePlus"/>
          <property name="Exif/Model" value="ONEPLUS A3003"/>
          <property name="Exif/ShutterSpeedValue" value="4.058"/>
          <property name="Exif/Software" value="OnePlus3-user 6.0.1 MMB29M 26 dev-keys"/>
          <property name="File/ImageHeight" value="2610"/>
          <property name="File/ImageWidth" value="4640"/>
          <property name="System/FileModifyDate" value="2016:11:20 08:10:58"/>
          <property name="System/FileSize" value="2187668"/>
        </meta>
      </photo>
    </camera>
    <camera camera_id="17">
      <photo path="../../../images/IMG_20161118_162540.jpg">
        <meta>
          <property name="Exif/ApertureValue" value="2"/>
          <property name="Exif/DateTime" value="2016:11:18 16:25:39"/>
          <property name="Exif/DateTimeOriginal" value="2016:11:18 16:25:39"/>
          <property name="Exif/ExposureTime" value="0.0588235294117647"/>
          <property name="Exif/FNumber" value="2"/>
          <property name="Exif/FocalLength" value="4.26"/>
          <property name="Exif/FocalLengthIn35mmFilm" value="25"/>
          <property name="Exif/ISOSpeedRatings" value="3200"/>
          <property name="Exif/Make" value="OnePlus"/>
          <property name="Exif/Model" value="ONEPLUS A3003"/>
          <property name="Exif/ShutterSpeedValue" value="4.058"/>
          <property name="Exif/Software" value="OnePlus3-user 6.0.1 MMB29M 26 dev-keys"/>
          <property name="File/ImageHeight" value="2610"/>
          <property name="File/ImageWidth" value="4640"/>
          <property name="System/FileModifyDate" value="2016:11:20 08:10:55"/>
          <property name="System/FileSize" value="2362929"/>
        </meta>
      </photo>
    </camera>
    <camera camera_id="18">
      <photo path="../../../images/IMG_20161118_162543.jpg">
        <meta>
          <property name="Exif/ApertureValue" value="2"/>
          <property name="Exif/DateTime" value="2016:11:18 16:25:42"/>
          <property name="Exif/DateTimeOriginal" value="2016:11:18 16:25:42"/>
          <property name="Exif/ExposureTime" value="0.0588235294117647"/>
          <property name="Exif/FNumber" value="2"/>
          <property name="Exif/FocalLength" value="4.26"/>
          <property name="Exif/FocalLengthIn35mmFilm" value="25"/>
          <property name="Exif/ISOSpeedRatings" value="3200"/>
          <property name="Exif/Make" value="OnePlus"/>
          <property name="Exif/Model" value="ONEPLUS A3003"/>
          <property name="Exif/ShutterSpeedValue" value="4.058"/>
          <property name="Exif/Software" value="OnePlus3-user 6.0.1 MMB29M 26 dev-keys"/>
          <property name="File/ImageHeight" value="2610"/>
          <property name="File/ImageWidth" value="4640"/>
          <property name="System/FileModifyDate" value="2016:11:20 08:10:52"/>
          <property name="System/FileSize" value="2246198"/>
        </meta>
      </photo>
    </camera>
    <camera camera_id="19">
      <photo path="../../../images/IMG_20161118_162545.jpg">
        <meta>
          <property name="Exif/ApertureValue" value="2"/>
          <property name="Exif/DateTime" value="2016:11:18 16:25:44"/>
          <property name="Exif/DateTimeOriginal" value="2016:11:18 16:25:44"/>
          <property name="Exif/ExposureTime" value="0.0588235294117647"/>
          <property name="Exif/FNumber" value="2"/>
          <property name="Exif/FocalLength" value="4.26"/>
          <property name="Exif/FocalLengthIn35mmFilm" value="25"/>
          <property name="Exif/ISOSpeedRatings" value="3200"/>
          <property name="Exif/Make" value="OnePlus"/>
          <property name="Exif/Model" value="ONEPLUS A3003"/>
          <property name="Exif/ShutterSpeedValue" value="4.058"/>
          <property name="Exif/Software" value="OnePlus3-user 6.0.1 MMB29M 26 dev-keys"/>
          <property name="File/ImageHeight" value="2610"/>
          <property name="File/ImageWidth" value="4640"/>
          <property name="System/FileModifyDate" value="2016:11:20 08:10:48"/>
          <property name="System/FileSize" value="2229142"/>
        </meta>
      </photo>
    </camera>
    <camera camera_id="20">
      <photo path="../../../images/IMG_20161118_162547.jpg">
        <meta>
          <property name="Exif/ApertureValue" value="2"/>
          <property name="Exif/DateTime" value="2016:11:18 16:25:47"/>
          <property name="Exif/DateTimeOriginal" value="2016:11:18 16:25:47"/>
          <property name="Exif/ExposureTime" value="0.0588235294117647"/>
          <property name="Exif/FNumber" value="2"/>
          <property name="Exif/FocalLength" value="4.26"/>
          <property name="Exif/FocalLengthIn35mmFilm" value="25"/>
          <property name="Exif/ISOSpeedRatings" value="3200"/>
          <property name="Exif/Make" value="OnePlus"/>
          <property name="Exif/Model" value="ONEPLUS A3003"/>
          <property name="Exif/ShutterSpeedValue" value="4.058"/>
          <property name="Exif/Software" value="OnePlus3-user 6.0.1 MMB29M 26 dev-keys"/>
          <property name="File/ImageHeight" value="2610"/>
          <property name="File/ImageWidth" value="4640"/>
          <property name="System/FileModifyDate" value="2016:11:20 08:10:45"/>
          <property name="System/FileSize" value="2301299"/>
        </meta>
      </photo>
    </camera>
    <camera camera_id="21">
      <photo path="../../../images/IMG_20161118_162549.jpg">
        <meta>
          <property name="Exif/ApertureValue" value="2"/>
          <property name="Exif/DateTime" value="2016:11:18 16:25:49"/>
          <property name="Exif/DateTimeOriginal" value="2016:11:18 16:25:49"/>
          <property name="Exif/ExposureTime" value="0.0588235294117647"/>
          <property name="Exif/FNumber" value="2"/>
          <property name="Exif/FocalLength" value="4.26"/>
          <property name="Exif/FocalLengthIn35mmFilm" value="25"/>
          <property name="Exif/ISOSpeedRatings" value="3200"/>
          <property name="Exif/Make" value="OnePlus"/>
          <property name="Exif/Model" value="ONEPLUS A3003"/>
          <property name="Exif/ShutterSpeedValue" value="4.058"/>
          <property name="Exif/Software" value="OnePlus3-user 6.0.1 MMB29M 26 dev-keys"/>
          <property name="File/ImageHeight" value="2610"/>
          <property name="File/ImageWidth" value="4640"/>
          <property name="System/FileModifyDate" value="2016:11:20 08:10:42"/>
          <property name="System/FileSize" value="2291331"/>
        </meta>
      </photo>
    </camera>
    <camera camera_id="22">
      <photo path="../../../images/IMG_20161118_162552.jpg">
        <meta>
          <property name="Exif/ApertureValue" value="2"/>
          <property name="Exif/DateTime" value="2016:11:18 16:25:52"/>
          <property name="Exif/DateTimeOriginal" value="2016:11:18 16:25:52"/>
          <property name="Exif/ExposureTime" value="0.0588235294117647"/>
          <property name="Exif/FNumber" value="2"/>
          <property name="Exif/FocalLength" value="4.26"/>
          <property name="Exif/FocalLengthIn35mmFilm" value="25"/>
          <property name="Exif/ISOSpeedRatings" value="3200"/>
          <property name="Exif/Make" value="OnePlus"/>
          <property name="Exif/Model" value="ONEPLUS A3003"/>
          <property name="Exif/ShutterSpeedValue" value="4.058"/>
          <property name="Exif/Software" value="OnePlus3-user 6.0.1 MMB29M 26 dev-keys"/>
          <property name="File/ImageHeight" value="2610"/>
          <property name="File/ImageWidth" value="4640"/>
          <property name="System/FileModifyDate" value="2016:11:20 08:10:37"/>
          <property name="System/FileSize" value="1835224"/>
        </meta>
      </photo>
    </camera>
    <camera camera_id="24">
      <photo path="../../../images/IMG_20161118_162559.jpg">
        <meta>
          <property name="Exif/ApertureValue" value="2"/>
          <property name="Exif/DateTime" value="2016:11:18 16:25:59"/>
          <property name="Exif/DateTimeOriginal" value="2016:11:18 16:25:59"/>
          <property name="Exif/ExposureTime" value="0.0588235294117647"/>
          <property name="Exif/FNumber" value="2"/>
          <property name="Exif/FocalLength" value="4.26"/>
          <property name="Exif/FocalLengthIn35mmFilm" value="25"/>
          <property name="Exif/ISOSpeedRatings" value="3200"/>
          <property name="Exif/Make" value="OnePlus"/>
          <property name="Exif/Model" value="ONEPLUS A3003"/>
          <property name="Exif/ShutterSpeedValue" value="4.058"/>
          <property name="Exif/Software" value="OnePlus3-user 6.0.1 MMB29M 26 dev-keys"/>
          <property name="File/ImageHeight" value="2610"/>
          <property name="File/ImageWidth" value="4640"/>
          <property name="System/FileModifyDate" value="2016:11:20 08:10:34"/>
          <property name="System/FileSize" value="1926625"/>
        </meta>
      </photo>
    </camera>
    <camera camera_id="25">
      <photo path="../../../images/IMG_20161118_162601.jpg">
        <meta>
          <property name="Exif/ApertureValue" value="2"/>
          <property name="Exif/DateTime" value="2016:11:18 16:26:01"/>
          <property name="Exif/DateTimeOriginal" value="2016:11:18 16:26:01"/>
          <property name="Exif/ExposureTime" value="0.0588235294117647"/>
          <property name="Exif/FNumber" value="2"/>
          <property name="Exif/FocalLength" value="4.26"/>
          <property name="Exif/FocalLengthIn35mmFilm" value="25"/>
          <property name="Exif/ISOSpeedRatings" value="3200"/>
          <property name="Exif/Make" value="OnePlus"/>
          <property name="Exif/Model" value="ONEPLUS A3003"/>
          <property name="Exif/ShutterSpeedValue" value="4.058"/>
          <property name="Exif/Software" value="OnePlus3-user 6.0.1 MMB29M 26 dev-keys"/>
          <property name="File/ImageHeight" value="2610"/>
          <property name="File/ImageWidth" value="4640"/>
          <property name="System/FileModifyDate" value="2016:11:20 08:10:30"/>
          <property name="System/FileSize" value="1850499"/>
        </meta>
      </photo>
    </camera>
    <camera camera_id="26">
      <photo path="../../../images/IMG_20161118_162605.jpg">
        <meta>
          <property name="Exif/ApertureValue" value="2"/>
          <property name="Exif/DateTime" value="2016:11:18 16:26:04"/>
          <property name="Exif/DateTimeOriginal" value="2016:11:18 16:26:04"/>
          <property name="Exif/ExposureTime" value="0.0588235294117647"/>
          <property name="Exif/FNumber" value="2"/>
          <property name="Exif/FocalLength" value="4.26"/>
          <property name="Exif/FocalLengthIn35mmFilm" value="25"/>
          <property name="Exif/ISOSpeedRatings" value="3200"/>
          <property name="Exif/Make" value="OnePlus"/>
          <property name="Exif/Model" value="ONEPLUS A3003"/>
          <property name="Exif/ShutterSpeedValue" value="4.058"/>
          <property name="Exif/Software" value="OnePlus3-user 6.0.1 MMB29M 26 dev-keys"/>
          <property name="File/ImageHeight" value="2610"/>
          <property name="File/ImageWidth" value="4640"/>
          <property name="System/FileModifyDate" value="2016:11:20 08:10:27"/>
          <property name="System/FileSize" value="2288193"/>
        </meta>
      </photo>
    </camera>
    <camera camera_id="27">
      <photo path="../../../images/IMG_20161118_162607.jpg">
        <meta>
          <property name="Exif/ApertureValue" value="2"/>
          <property name="Exif/DateTime" value="2016:11:18 16:26:07"/>
          <property name="Exif/DateTimeOriginal" value="2016:11:18 16:26:07"/>
          <property name="Exif/ExposureTime" value="0.0588235294117647"/>
          <property name="Exif/FNumber" value="2"/>
          <property name="Exif/FocalLength" value="4.26"/>
          <property name="Exif/FocalLengthIn35mmFilm" value="25"/>
          <property name="Exif/ISOSpeedRatings" value="2500"/>
          <property name="Exif/Make" value="OnePlus"/>
          <property name="Exif/Model" value="ONEPLUS A3003"/>
          <property name="Exif/ShutterSpeedValue" value="4.058"/>
          <property name="Exif/Software" value="OnePlus3-user 6.0.1 MMB29M 26 dev-keys"/>
          <property name="File/ImageHeight" value="2610"/>
          <property name="File/ImageWidth" value="4640"/>
          <property name="System/FileModifyDate" value="2016:11:20 08:10:23"/>
          <property name="System/FileSize" value="2353483"/>
        </meta>
      </photo>
    </camera>
    <camera camera_id="28">
      <photo path="../../../images/IMG_20161118_162609.jpg">
        <meta>
          <property name="Exif/ApertureValue" value="2"/>
          <property name="Exif/DateTime" value="2016:11:18 16:26:09"/>
          <property name="Exif/DateTimeOriginal" value="2016:11:18 16:26:09"/>
          <property name="Exif/ExposureTime" value="0.0588235294117647"/>
          <property name="Exif/FNumber" value="2"/>
          <property name="Exif/FocalLength" value="4.26"/>
          <property name="Exif/FocalLengthIn35mmFilm" value="25"/>
          <property name="Exif/ISOSpeedRatings" value="3200"/>
          <property name="Exif/Make" value="OnePlus"/>
          <property name="Exif/Model" value="ONEPLUS A3003"/>
          <property name="Exif/ShutterSpeedValue" value="4.058"/>
          <property name="Exif/Software" value="OnePlus3-user 6.0.1 MMB29M 26 dev-keys"/>
          <property name="File/ImageHeight" value="2610"/>
          <property name="File/ImageWidth" value="4640"/>
          <property name="System/FileModifyDate" value="2016:11:20 08:10:20"/>
          <property name="System/FileSize" value="2605125"/>
        </meta>
      </photo>
    </camera>
    <camera camera_id="29">
      <photo path="../../../images/IMG_20161118_162610.jpg">
        <meta>
          <property name="Exif/ApertureValue" value="2"/>
          <property name="Exif/DateTime" value="2016:11:18 16:26:09"/>
          <property name="Exif/DateTimeOriginal" value="2016:11:18 16:26:09"/>
          <property name="Exif/ExposureTime" value="0.0588235294117647"/>
          <property name="Exif/FNumber" value="2"/>
          <property name="Exif/FocalLength" value="4.26"/>
          <property name="Exif/FocalLengthIn35mmFilm" value="25"/>
          <property name="Exif/ISOSpeedRatings" value="2500"/>
          <property name="Exif/Make" value="OnePlus"/>
          <property name="Exif/Model" value="ONEPLUS A3003"/>
          <property name="Exif/ShutterSpeedValue" value="4.058"/>
          <property name="Exif/Software" value="OnePlus3-user 6.0.1 MMB29M 26 dev-keys"/>
          <property name="File/ImageHeight" value="2610"/>
          <property name="File/ImageWidth" value="4640"/>
          <property name="System/FileModifyDate" value="2016:11:20 08:10:16"/>
          <property name="System/FileSize" value="2319558"/>
        </meta>
      </photo>
    </camera>
    <camera camera_id="31">
      <photo path="../../../images/IMG_20161118_162613.jpg">
        <meta>
          <property name="Exif/ApertureValue" value="2"/>
          <property name="Exif/DateTime" value="2016:11:18 16:26:12"/>
          <property name="Exif/DateTimeOriginal" value="2016:11:18 16:26:12"/>
          <property name="Exif/ExposureTime" value="0.0588235294117647"/>
          <property name="Exif/FNumber" value="2"/>
          <property name="Exif/FocalLength" value="4.26"/>
          <property name="Exif/FocalLengthIn35mmFilm" value="25"/>
          <property name="Exif/ISOSpeedRatings" value="2500"/>
          <property name="Exif/Make" value="OnePlus"/>
          <property name="Exif/Model" value="ONEPLUS A3003"/>
          <property name="Exif/ShutterSpeedValue" value="4.058"/>
          <property name="Exif/Software" value="OnePlus3-user 6.0.1 MMB29M 26 dev-keys"/>
          <property name="File/ImageHeight" value="2610"/>
          <property name="File/ImageWidth" value="4640"/>
          <property name="System/FileModifyDate" value="2016:11:20 08:10:07"/>
          <property name="System/FileSize" value="2120540"/>
        </meta>
      </photo>
    </camera>
    <camera camera_id="32">
      <photo path="../../../images/IMG_20161118_162616.jpg">
        <meta>
          <property name="Exif/ApertureValue" value="2"/>
          <property name="Exif/DateTime" value="2016:11:18 16:26:15"/>
          <property name="Exif/DateTimeOriginal" value="2016:11:18 16:26:15"/>
          <property name="Exif/ExposureTime" value="0.0588235294117647"/>
          <property name="Exif/FNumber" value="2"/>
          <property name="Exif/FocalLength" value="4.26"/>
          <property name="Exif/FocalLengthIn35mmFilm" value="25"/>
          <property name="Exif/ISOSpeedRatings" value="2500"/>
          <property name="Exif/Make" value="OnePlus"/>
          <property name="Exif/Model" value="ONEPLUS A3003"/>
          <property name="Exif/ShutterSpeedValue" value="4.058"/>
          <property name="Exif/Software" value="OnePlus3-user 6.0.1 MMB29M 26 dev-keys"/>
          <property name="File/ImageHeight" value="2610"/>
          <property name="File/ImageWidth" value="4640"/>
          <property name="System/FileModifyDate" value="2016:11:20 08:10:04"/>
          <property name="System/FileSize" value="2189979"/>
        </meta>
      </photo>
    </camera>
    <camera camera_id="33">
      <photo path="../../../images/IMG_20161118_162618.jpg">
        <meta>
          <property name="Exif/ApertureValue" value="2"/>
          <property name="Exif/DateTime" value="2016:11:18 16:26:18"/>
          <property name="Exif/DateTimeOriginal" value="2016:11:18 16:26:18"/>
          <property name="Exif/ExposureTime" value="0.0588235294117647"/>
          <property name="Exif/FNumber" value="2"/>
          <property name="Exif/FocalLength" value="4.26"/>
          <property name="Exif/FocalLengthIn35mmFilm" value="25"/>
          <property name="Exif/ISOSpeedRatings" value="3200"/>
          <property name="Exif/Make" value="OnePlus"/>
          <property name="Exif/Model" value="ONEPLUS A3003"/>
          <property name="Exif/ShutterSpeedValue" value="4.058"/>
          <property name="Exif/Software" value="OnePlus3-user 6.0.1 MMB29M 26 dev-keys"/>
          <property name="File/ImageHeight" value="2610"/>
          <property name="File/ImageWidth" value="4640"/>
          <property name="System/FileModifyDate" value="2016:11:20 08:10:01"/>
          <property name="System/FileSize" value="2710630"/>
        </meta>
      </photo>
    </camera>
    <camera camera_id="34">
      <photo path="../../../images/IMG_20161118_162621.jpg">
        <meta>
          <property name="Exif/ApertureValue" value="2"/>
          <property name="Exif/DateTime" value="2016:11:18 16:26:20"/>
          <property name="Exif/DateTimeOriginal" value="2016:11:18 16:26:20"/>
          <property name="Exif/ExposureTime" value="0.0588235294117647"/>
          <property name="Exif/FNumber" value="2"/>
          <property name="Exif/FocalLength" value="4.26"/>
          <property name="Exif/FocalLengthIn35mmFilm" value="25"/>
          <property name="Exif/ISOSpeedRatings" value="3200"/>
          <property name="Exif/Make" value="OnePlus"/>
          <property name="Exif/Model" value="ONEPLUS A3003"/>
          <property name="Exif/ShutterSpeedValue" value="4.058"/>
          <property name="Exif/Software" value="OnePlus3-user 6.0.1 MMB29M 26 dev-keys"/>
          <property name="File/ImageHeight" value="2610"/>
          <property name="File/ImageWidth" value="4640"/>
          <property name="System/FileModifyDate" value="2016:11:20 08:09:58"/>
          <property name="System/FileSize" value="2585714"/>
        </meta>
      </photo>
    </camera>
    <camera camera_id="35">
      <photo path="../../../images/IMG_20161118_162621_01.jpg">
        <meta>
          <property name="Exif/ApertureValue" value="2"/>
          <property name="Exif/DateTime" value="2016:11:18 16:26:21"/>
          <property name="Exif/DateTimeOriginal" value="2016:11:18 16:26:21"/>
          <property name="Exif/ExposureTime" value="0.0588235294117647"/>
          <property name="Exif/FNumber" value="2"/>
          <property name="Exif/FocalLength" value="4.26"/>
          <property name="Exif/FocalLengthIn35mmFilm" value="25"/>
          <property name="Exif/ISOSpeedRatings" value="3200"/>
          <property name="Exif/Make" value="OnePlus"/>
          <property name="Exif/Model" value="ONEPLUS A3003"/>
          <property name="Exif/ShutterSpeedValue" value="4.058"/>
          <property name="Exif/Software" value="OnePlus3-user 6.0.1 MMB29M 26 dev-keys"/>
          <property name="File/ImageHeight" value="2610"/>
          <property name="File/ImageWidth" value="4640"/>
          <property name="System/FileModifyDate" value="2016:11:20 08:09:54"/>
          <property name="System/FileSize" value="2457481"/>
        </meta>
      </photo>
    </camera>
    <camera camera_id="36">
      <photo path="../../../images/IMG_20161118_162623.jpg">
        <meta>
          <property name="Exif/ApertureValue" value="2"/>
          <property name="Exif/DateTime" value="2016:11:18 16:26:22"/>
          <property name="Exif/DateTimeOriginal" value="2016:11:18 16:26:22"/>
          <property name="Exif/ExposureTime" value="0.0588235294117647"/>
          <property name="Exif/FNumber" value="2"/>
          <property name="Exif/FocalLength" value="4.26"/>
          <property name="Exif/FocalLengthIn35mmFilm" value="25"/>
          <property name="Exif/ISOSpeedRatings" value="2500"/>
          <property name="Exif/Make" value="OnePlus"/>
          <property name="Exif/Model" value="ONEPLUS A3003"/>
          <property name="Exif/ShutterSpeedValue" value="4.058"/>
          <property name="Exif/Software" value="OnePlus3-user 6.0.1 MMB29M 26 dev-keys"/>
          <property name="File/ImageHeight" value="2610"/>
          <property name="File/ImageWidth" value="4640"/>
          <property name="System/FileModifyDate" value="2016:11:20 08:09:51"/>
          <property name="System/FileSize" value="2231005"/>
        </meta>
      </photo>
    </camera>
    <camera camera_id="37">
      <photo path="../../../images/IMG_20161118_162625.jpg">
        <meta>
          <property name="Exif/ApertureValue" value="2"/>
          <property name="Exif/DateTime" value="2016:11:18 16:26:24"/>
          <property name="Exif/DateTimeOriginal" value="2016:11:18 16:26:24"/>
          <property name="Exif/ExposureTime" value="0.0588235294117647"/>
          <property name="Exif/FNumber" value="2"/>
          <property name="Exif/FocalLength" value="4.26"/>
          <property name="Exif/FocalLengthIn35mmFilm" value="25"/>
          <property name="Exif/ISOSpeedRatings" value="2500"/>
          <property name="Exif/Make" value="OnePlus"/>
          <property name="Exif/Model" value="ONEPLUS A3003"/>
          <property name="Exif/ShutterSpeedValue" value="4.058"/>
          <property name="Exif/Software" value="OnePlus3-user 6.0.1 MMB29M 26 dev-keys"/>
          <property name="File/ImageHeight" value="2610"/>
          <property name="File/ImageWidth" value="4640"/>
          <property name="System/FileModifyDate" value="2016:11:20 08:09:47"/>
          <property name="System/FileSize" value="1883875"/>
        </meta>
      </photo>
    </camera>
    <camera camera_id="38">
      <photo path="../../../images/IMG_20161118_162626.jpg">
        <meta>
          <property name="Exif/ApertureValue" value="2"/>
          <property name="Exif/DateTime" value="2016:11:18 16:26:26"/>
          <property name="Exif/DateTimeOriginal" value="2016:11:18 16:26:26"/>
          <property name="Exif/ExposureTime" value="0.0588235294117647"/>
          <property name="Exif/FNumber" value="2"/>
          <property name="Exif/FocalLength" value="4.26"/>
          <property name="Exif/FocalLengthIn35mmFilm" value="25"/>
          <property name="Exif/ISOSpeedRatings" value="2500"/>
          <property name="Exif/Make" value="OnePlus"/>
          <property name="Exif/Model" value="ONEPLUS A3003"/>
          <property name="Exif/ShutterSpeedValue" value="4.058"/>
          <property name="Exif/Software" value="OnePlus3-user 6.0.1 MMB29M 26 dev-keys"/>
          <property name="File/ImageHeight" value="2610"/>
          <property name="File/ImageWidth" value="4640"/>
          <property name="System/FileModifyDate" value="2016:11:20 08:09:44"/>
          <property name="System/FileSize" value="2228073"/>
        </meta>
      </photo>
    </camera>
    <camera camera_id="39">
      <photo path="../../../images/IMG_20161118_162628.jpg">
        <meta>
          <property name="Exif/ApertureValue" value="2"/>
          <property name="Exif/DateTime" value="2016:11:18 16:26:28"/>
          <property name="Exif/DateTimeOriginal" value="2016:11:18 16:26:28"/>
          <property name="Exif/ExposureTime" value="0.0588235294117647"/>
          <property name="Exif/FNumber" value="2"/>
          <property name="Exif/FocalLength" value="4.26"/>
          <property name="Exif/FocalLengthIn35mmFilm" value="25"/>
          <property name="Exif/ISOSpeedRatings" value="2500"/>
          <property name="Exif/Make" value="OnePlus"/>
          <property name="Exif/Model" value="ONEPLUS A3003"/>
          <property name="Exif/ShutterSpeedValue" value="4.058"/>
          <property name="Exif/Software" value="OnePlus3-user 6.0.1 MMB29M 26 dev-keys"/>
          <property name="File/ImageHeight" value="2610"/>
          <property name="File/ImageWidth" value="4640"/>
          <property name="System/FileModifyDate" value="2016:11:20 08:09:41"/>
          <property name="System/FileSize" value="1953251"/>
        </meta>
      </photo>
    </camera>
    <camera camera_id="40">
      <photo path="../../../images/IMG_20161118_162630.jpg">
        <meta>
          <property name="Exif/ApertureValue" value="2"/>
          <property name="Exif/DateTime" value="2016:11:18 16:26:30"/>
          <property name="Exif/DateTimeOriginal" value="2016:11:18 16:26:30"/>
          <property name="Exif/ExposureTime" value="0.0588235294117647"/>
          <property name="Exif/FNumber" value="2"/>
          <property name="Exif/FocalLength" value="4.26"/>
          <property name="Exif/FocalLengthIn35mmFilm" value="25"/>
          <property name="Exif/ISOSpeedRatings" value="2500"/>
          <property name="Exif/Make" value="OnePlus"/>
          <property name="Exif/Model" value="ONEPLUS A3003"/>
          <property name="Exif/ShutterSpeedValue" value="4.058"/>
          <property name="Exif/Software" value="OnePlus3-user 6.0.1 MMB29M 26 dev-keys"/>
          <property name="File/ImageHeight" value="2610"/>
          <property name="File/ImageWidth" value="4640"/>
          <property name="System/FileModifyDate" value="2016:11:20 08:09:39"/>
          <property name="System/FileSize" value="1861656"/>
        </meta>
      </photo>
    </camera>
    <camera camera_id="41">
      <photo path="../../../images/IMG_20161118_162631.jpg">
        <meta>
          <property name="Exif/ApertureValue" value="2"/>
          <property name="Exif/DateTime" value="2016:11:18 16:26:31"/>
          <property name="Exif/DateTimeOriginal" value="2016:11:18 16:26:31"/>
          <property name="Exif/ExposureTime" value="0.0588235294117647"/>
          <property name="Exif/FNumber" value="2"/>
          <property name="Exif/FocalLength" value="4.26"/>
          <property name="Exif/FocalLengthIn35mmFilm" value="25"/>
          <property name="Exif/ISOSpeedRatings" value="2500"/>
          <property name="Exif/Make" value="OnePlus"/>
          <property name="Exif/Model" value="ONEPLUS A3003"/>
          <property name="Exif/ShutterSpeedValue" value="4.058"/>
          <property name="Exif/Software" value="OnePlus3-user 6.0.1 MMB29M 26 dev-keys"/>
          <property name="File/ImageHeight" value="2610"/>
          <property name="File/ImageWidth" value="4640"/>
          <property name="System/FileModifyDate" value="2016:11:20 08:09:37"/>
          <property name="System/FileSize" value="2009001"/>
        </meta>
      </photo>
    </camera>
    <camera camera_id="42">
      <photo path="../../../images/IMG_20161118_162634.jpg">
        <meta>
          <property name="Exif/ApertureValue" value="2"/>
          <property name="Exif/DateTime" value="2016:11:18 16:26:33"/>
          <property name="Exif/DateTimeOriginal" value="2016:11:18 16:26:33"/>
          <property name="Exif/ExposureTime" value="0.0588235294117647"/>
          <property name="Exif/FNumber" value="2"/>
          <property name="Exif/FocalLength" value="4.26"/>
          <property name="Exif/FocalLengthIn35mmFilm" value="25"/>
          <property name="Exif/ISOSpeedRatings" value="2500"/>
          <property name="Exif/Make" value="OnePlus"/>
          <property name="Exif/Model" value="ONEPLUS A3003"/>
          <property name="Exif/ShutterSpeedValue" value="4.058"/>
          <property name="Exif/Software" value="OnePlus3-user 6.0.1 MMB29M 26 dev-keys"/>
          <property name="File/ImageHeight" value="2610"/>
          <property name="File/ImageWidth" value="4640"/>
          <property name="System/FileModifyDate" value="2016:11:20 08:09:35"/>
          <property name="System/FileSize" value="1911629"/>
        </meta>
      </photo>
    </camera>
    <camera camera_id="43">
      <photo path="../../../images/IMG_20161118_162636.jpg">
        <meta>
          <property name="Exif/ApertureValue" value="2"/>
          <property name="Exif/DateTime" value="2016:11:18 16:26:36"/>
          <property name="Exif/DateTimeOriginal" value="2016:11:18 16:26:36"/>
          <property name="Exif/ExposureTime" value="0.0588235294117647"/>
          <property name="Exif/FNumber" value="2"/>
          <property name="Exif/FocalLength" value="4.26"/>
          <property name="Exif/FocalLengthIn35mmFilm" value="25"/>
          <property name="Exif/ISOSpeedRatings" value="2000"/>
          <property name="Exif/Make" value="OnePlus"/>
          <property name="Exif/Model" value="ONEPLUS A3003"/>
          <property name="Exif/ShutterSpeedValue" value="4.058"/>
          <property name="Exif/Software" value="OnePlus3-user 6.0.1 MMB29M 26 dev-keys"/>
          <property name="File/ImageHeight" value="2610"/>
          <property name="File/ImageWidth" value="4640"/>
          <property name="System/FileModifyDate" value="2016:11:20 08:09:32"/>
          <property name="System/FileSize" value="1806091"/>
        </meta>
      </photo>
    </camera>
    <camera camera_id="44">
      <photo path="../../../images/IMG_20161118_162638.jpg">
        <meta>
          <property name="Exif/ApertureValue" value="2"/>
          <property name="Exif/DateTime" value="2016:11:18 16:26:38"/>
          <property name="Exif/DateTimeOriginal" value="2016:11:18 16:26:38"/>
          <property name="Exif/ExposureTime" value="0.0588235294117647"/>
          <property name="Exif/FNumber" value="2"/>
          <property name="Exif/FocalLength" value="4.26"/>
          <property name="Exif/FocalLengthIn35mmFilm" value="25"/>
          <property name="Exif/ISOSpeedRatings" value="4000"/>
          <property name="Exif/Make" value="OnePlus"/>
          <property name="Exif/Model" value="ONEPLUS A3003"/>
          <property name="Exif/ShutterSpeedValue" value="4.058"/>
          <property name="Exif/Software" value="OnePlus3-user 6.0.1 MMB29M 26 dev-keys"/>
          <property name="File/ImageHeight" value="2610"/>
          <property name="File/ImageWidth" value="4640"/>
          <property name="System/FileModifyDate" value="2016:11:20 08:09:29"/>
          <property name="System/FileSize" value="1767988"/>
        </meta>
      </photo>
    </camera>
    <camera camera_id="45">
      <photo path="../../../images/IMG_20161118_162639.jpg">
        <meta>
          <property name="Exif/ApertureValue" value="2"/>
          <property name="Exif/DateTime" value="2016:11:18 16:26:38"/>
          <property name="Exif/DateTimeOriginal" value="2016:11:18 16:26:38"/>
          <property name="Exif/ExposureTime" value="0.0588235294117647"/>
          <property name="Exif/FNumber" value="2"/>
          <property name="Exif/FocalLength" value="4.26"/>
          <property name="Exif/FocalLengthIn35mmFilm" value="25"/>
          <property name="Exif/ISOSpeedRatings" value="2500"/>
          <property name="Exif/Make" value="OnePlus"/>
          <property name="Exif/Model" value="ONEPLUS A3003"/>
          <property name="Exif/ShutterSpeedValue" value="4.058"/>
          <property name="Exif/Software" value="OnePlus3-user 6.0.1 MMB29M 26 dev-keys"/>
          <property name="File/ImageHeight" value="2610"/>
          <property name="File/ImageWidth" value="4640"/>
          <property name="System/FileModifyDate" value="2016:11:20 08:09:27"/>
          <property name="System/FileSize" value="2491180"/>
        </meta>
      </photo>
    </camera>
    <camera camera_id="46">
      <photo path="../../../images/IMG_20161118_162640.jpg">
        <meta>
          <property name="Exif/ApertureValue" value="2"/>
          <property name="Exif/DateTime" value="2016:11:18 16:26:40"/>
          <property name="Exif/DateTimeOriginal" value="2016:11:18 16:26:40"/>
          <property name="Exif/ExposureTime" value="0.0588235294117647"/>
          <property name="Exif/FNumber" value="2"/>
          <property name="Exif/FocalLength" value="4.26"/>
          <property name="Exif/FocalLengthIn35mmFilm" value="25"/>
          <property name="Exif/ISOSpeedRatings" value="3200"/>
          <property name="Exif/Make" value="OnePlus"/>
          <property name="Exif/Model" value="ONEPLUS A3003"/>
          <property name="Exif/ShutterSpeedValue" value="4.058"/>
          <property name="Exif/Software" value="OnePlus3-user 6.0.1 MMB29M 26 dev-keys"/>
          <property name="File/ImageHeight" value="2610"/>
          <property name="File/ImageWidth" value="4640"/>
          <property name="System/FileModifyDate" value="2016:11:20 08:09:24"/>
          <property name="System/FileSize" value="2097470"/>
        </meta>
      </photo>
    </camera>
    <camera camera_id="47">
      <photo path="../../../images/IMG_20161118_162642.jpg">
        <meta>
          <property name="Exif/ApertureValue" value="2"/>
          <property name="Exif/DateTime" value="2016:11:18 16:26:42"/>
          <property name="Exif/DateTimeOriginal" value="2016:11:18 16:26:42"/>
          <property name="Exif/ExposureTime" value="0.0588235294117647"/>
          <property name="Exif/FNumber" value="2"/>
          <property name="Exif/FocalLength" value="4.26"/>
          <property name="Exif/FocalLengthIn35mmFilm" value="25"/>
          <property name="Exif/ISOSpeedRatings" value="3200"/>
          <property name="Exif/Make" value="OnePlus"/>
          <property name="Exif/Model" value="ONEPLUS A3003"/>
          <property name="Exif/ShutterSpeedValue" value="4.058"/>
          <property name="Exif/Software" value="OnePlus3-user 6.0.1 MMB29M 26 dev-keys"/>
          <property name="File/ImageHeight" value="2610"/>
          <property name="File/ImageWidth" value="4640"/>
          <property name="System/FileModifyDate" value="2016:11:20 08:09:22"/>
          <property name="System/FileSize" value="2062209"/>
        </meta>
      </photo>
    </camera>
    <camera camera_id="48">
      <photo path="../../../images/IMG_20161118_162644.jpg">
        <meta>
          <property name="Exif/ApertureValue" value="2"/>
          <property name="Exif/DateTime" value="2016:11:18 16:26:43"/>
          <property name="Exif/DateTimeOriginal" value="2016:11:18 16:26:43"/>
          <property name="Exif/ExposureTime" value="0.0588235294117647"/>
          <property name="Exif/FNumber" value="2"/>
          <property name="Exif/FocalLength" value="4.26"/>
          <property name="Exif/FocalLengthIn35mmFilm" value="25"/>
          <property name="Exif/ISOSpeedRatings" value="2500"/>
          <property name="Exif/Make" value="OnePlus"/>
          <property name="Exif/Model" value="ONEPLUS A3003"/>
          <property name="Exif/ShutterSpeedValue" value="4.058"/>
          <property name="Exif/Software" value="OnePlus3-user 6.0.1 MMB29M 26 dev-keys"/>
          <property name="File/ImageHeight" value="2610"/>
          <property name="File/ImageWidth" value="4640"/>
          <property name="System/FileModifyDate" value="2016:11:20 08:09:20"/>
          <property name="System/FileSize" value="2099253"/>
        </meta>
      </photo>
    </camera>
    <camera camera_id="49">
      <photo path="../../../images/IMG_20161118_162646.jpg">
        <meta>
          <property name="Exif/ApertureValue" value="2"/>
          <property name="Exif/DateTime" value="2016:11:18 16:26:46"/>
          <property name="Exif/DateTimeOriginal" value="2016:11:18 16:26:46"/>
          <property name="Exif/ExposureTime" value="0.0588235294117647"/>
          <property name="Exif/FNumber" value="2"/>
          <property name="Exif/FocalLength" value="4.26"/>
          <property name="Exif/FocalLengthIn35mmFilm" value="25"/>
          <property name="Exif/ISOSpeedRatings" value="2500"/>
          <property name="Exif/Make" value="OnePlus"/>
          <property name="Exif/Model" value="ONEPLUS A3003"/>
          <property name="Exif/ShutterSpeedValue" value="4.058"/>
          <property name="Exif/Software" value="OnePlus3-user 6.0.1 MMB29M 26 dev-keys"/>
          <property name="File/ImageHeight" value="2610"/>
          <property name="File/ImageWidth" value="4640"/>
          <property name="System/FileModifyDate" value="2016:11:20 08:09:17"/>
          <property name="System/FileSize" value="1886197"/>
        </meta>
      </photo>
    </camera>
    <camera camera_id="50">
      <photo path="../../../images/IMG_20161118_162648.jpg">
        <meta>
          <property name="Exif/ApertureValue" value="2"/>
          <property name="Exif/DateTime" value="2016:11:18 16:26:48"/>
          <property name="Exif/DateTimeOriginal" value="2016:11:18 16:26:48"/>
          <property name="Exif/ExposureTime" value="0.0588235294117647"/>
          <property name="Exif/FNumber" value="2"/>
          <property name="Exif/FocalLength" value="4.26"/>
          <property name="Exif/FocalLengthIn35mmFilm" value="25"/>
          <property name="Exif/ISOSpeedRatings" value="2500"/>
          <property name="Exif/Make" value="OnePlus"/>
          <property name="Exif/Model" value="ONEPLUS A3003"/>
          <property name="Exif/ShutterSpeedValue" value="4.058"/>
          <property name="Exif/Software" value="OnePlus3-user 6.0.1 MMB29M 26 dev-keys"/>
          <property name="File/ImageHeight" value="2610"/>
          <property name="File/ImageWidth" value="4640"/>
          <property name="System/FileModifyDate" value="2016:11:20 08:09:13"/>
          <property name="System/FileSize" value="1938459"/>
        </meta>
      </photo>
    </camera>
    <camera camera_id="51">
      <photo path="../../../images/IMG_20161118_162651.jpg">
        <meta>
          <property name="Exif/ApertureValue" value="2"/>
          <property name="Exif/DateTime" value="2016:11:18 16:26:50"/>
          <property name="Exif/DateTimeOriginal" value="2016:11:18 16:26:50"/>
          <property name="Exif/ExposureTime" value="0.0588235294117647"/>
          <property name="Exif/FNumber" value="2"/>
          <property name="Exif/FocalLength" value="4.26"/>
          <property name="Exif/FocalLengthIn35mmFilm" value="25"/>
          <property name="Exif/ISOSpeedRatings" value="2500"/>
          <property name="Exif/Make" value="OnePlus"/>
          <property name="Exif/Model" value="ONEPLUS A3003"/>
          <property name="Exif/ShutterSpeedValue" value="4.058"/>
          <property name="Exif/Software" value="OnePlus3-user 6.0.1 MMB29M 26 dev-keys"/>
          <property name="File/ImageHeight" value="2610"/>
          <property name="File/ImageWidth" value="4640"/>
          <property name="System/FileModifyDate" value="2016:11:20 08:09:15"/>
          <property name="System/FileSize" value="1848384"/>
        </meta>
      </photo>
    </camera>
    <camera camera_id="52">
      <photo path="../../../images/IMG_20161118_162653.jpg">
        <meta>
          <property name="Exif/ApertureValue" value="2"/>
          <property name="Exif/DateTime" value="2016:11:18 16:26:52"/>
          <property name="Exif/DateTimeOriginal" value="2016:11:18 16:26:52"/>
          <property name="Exif/ExposureTime" value="0.0588235294117647"/>
          <property name="Exif/FNumber" value="2"/>
          <property name="Exif/FocalLength" value="4.26"/>
          <property name="Exif/FocalLengthIn35mmFilm" value="25"/>
          <property name="Exif/ISOSpeedRatings" value="3200"/>
          <property name="Exif/Make" value="OnePlus"/>
          <property name="Exif/Model" value="ONEPLUS A3003"/>
          <property name="Exif/ShutterSpeedValue" value="4.058"/>
          <property name="Exif/Software" value="OnePlus3-user 6.0.1 MMB29M 26 dev-keys"/>
          <property name="File/ImageHeight" value="2610"/>
          <property name="File/ImageWidth" value="4640"/>
          <property name="System/FileModifyDate" value="2016:11:20 08:09:10"/>
          <property name="System/FileSize" value="1649489"/>
        </meta>
      </photo>
    </camera>
    <camera camera_id="53">
      <photo path="../../../images/IMG_20161118_162655.jpg">
        <meta>
          <property name="Exif/ApertureValue" value="2"/>
          <property name="Exif/DateTime" value="2016:11:18 16:26:55"/>
          <property name="Exif/DateTimeOriginal" value="2016:11:18 16:26:55"/>
          <property name="Exif/ExposureTime" value="0.0588235294117647"/>
          <property name="Exif/FNumber" value="2"/>
          <property name="Exif/FocalLength" value="4.26"/>
          <property name="Exif/FocalLengthIn35mmFilm" value="25"/>
          <property name="Exif/ISOSpeedRatings" value="3200"/>
          <property name="Exif/Make" value="OnePlus"/>
          <property name="Exif/Model" value="ONEPLUS A3003"/>
          <property name="Exif/ShutterSpeedValue" value="4.058"/>
          <property name="Exif/Software" value="OnePlus3-user 6.0.1 MMB29M 26 dev-keys"/>
          <property name="File/ImageHeight" value="2610"/>
          <property name="File/ImageWidth" value="4640"/>
          <property name="System/FileModifyDate" value="2016:11:20 08:09:08"/>
          <property name="System/FileSize" value="2227164"/>
        </meta>
      </photo>
    </camera>
    <camera camera_id="54">
      <photo path="../../../images/IMG_20161118_162656.jpg">
        <meta>
          <property name="Exif/ApertureValue" value="2"/>
          <property name="Exif/DateTime" value="2016:11:18 16:26:56"/>
          <property name="Exif/DateTimeOriginal" value="2016:11:18 16:26:56"/>
          <property name="Exif/ExposureTime" value="0.0588235294117647"/>
          <property name="Exif/FNumber" value="2"/>
          <property name="Exif/FocalLength" value="4.26"/>
          <property name="Exif/FocalLengthIn35mmFilm" value="25"/>
          <property name="Exif/ISOSpeedRatings" value="3200"/>
          <property name="Exif/Make" value="OnePlus"/>
          <property name="Exif/Model" value="ONEPLUS A3003"/>
          <property name="Exif/ShutterSpeedValue" value="4.058"/>
          <property name="Exif/Software" value="OnePlus3-user 6.0.1 MMB29M 26 dev-keys"/>
          <property name="File/ImageHeight" value="2610"/>
          <property name="File/ImageWidth" value="4640"/>
          <property name="System/FileModifyDate" value="2016:11:20 08:09:06"/>
          <property name="System/FileSize" value="3119678"/>
        </meta>
      </photo>
    </camera>
    <camera camera_id="55">
      <photo path="../../../images/IMG_20161118_162658.jpg">
        <meta>
          <property name="Exif/ApertureValue" value="2"/>
          <property name="Exif/DateTime" value="2016:11:18 16:26:57"/>
          <property name="Exif/DateTimeOriginal" value="2016:11:18 16:26:57"/>
          <property name="Exif/ExposureTime" value="0.0588235294117647"/>
          <property name="Exif/FNumber" value="2"/>
          <property name="Exif/FocalLength" value="4.26"/>
          <property name="Exif/FocalLengthIn35mmFilm" value="25"/>
          <property name="Exif/ISOSpeedRatings" value="3200"/>
          <property name="Exif/Make" value="OnePlus"/>
          <property name="Exif/Model" value="ONEPLUS A3003"/>
          <property name="Exif/ShutterSpeedValue" value="4.058"/>
          <property name="Exif/Software" value="OnePlus3-user 6.0.1 MMB29M 26 dev-keys"/>
          <property name="File/ImageHeight" value="2610"/>
          <property name="File/ImageWidth" value="4640"/>
          <property name="System/FileModifyDate" value="2016:11:20 08:09:03"/>
          <property name="System/FileSize" value="1914928"/>
        </meta>
      </photo>
    </camera>
    <camera camera_id="56">
      <photo path="../../../images/IMG_20161118_162700.jpg">
        <meta>
          <property name="Exif/ApertureValue" value="2"/>
          <property name="Exif/DateTime" value="2016:11:18 16:26:59"/>
          <property name="Exif/DateTimeOriginal" value="2016:11:18 16:26:59"/>
          <property name="Exif/ExposureTime" value="0.0588235294117647"/>
          <property name="Exif/FNumber" value="2"/>
          <property name="Exif/FocalLength" value="4.26"/>
          <property name="Exif/FocalLengthIn35mmFilm" value="25"/>
          <property name="Exif/ISOSpeedRatings" value="3200"/>
          <property name="Exif/Make" value="OnePlus"/>
          <property name="Exif/Model" value="ONEPLUS A3003"/>
          <property name="Exif/ShutterSpeedValue" value="4.058"/>
          <property name="Exif/Software" value="OnePlus3-user 6.0.1 MMB29M 26 dev-keys"/>
          <property name="File/ImageHeight" value="2610"/>
          <property name="File/ImageWidth" value="4640"/>
          <property name="System/FileModifyDate" value="2016:11:20 08:08:57"/>
          <property name="System/FileSize" value="1817253"/>
        </meta>
      </photo>
    </camera>
    <camera camera_id="57">
      <photo path="../../../images/IMG_20161118_162703.jpg">
        <meta>
          <property name="Exif/ApertureValue" value="2"/>
          <property name="Exif/DateTime" value="2016:11:18 16:27:03"/>
          <property name="Exif/DateTimeOriginal" value="2016:11:18 16:27:03"/>
          <property name="Exif/ExposureTime" value="0.04"/>
          <property name="Exif/FNumber" value="2"/>
          <property name="Exif/FocalLength" value="4.26"/>
          <property name="Exif/FocalLengthIn35mmFilm" value="25"/>
          <property name="Exif/ISOSpeedRatings" value="400"/>
          <property name="Exif/Make" value="OnePlus"/>
          <property name="Exif/Model" value="ONEPLUS A3003"/>
          <property name="Exif/ShutterSpeedValue" value="4.643"/>
          <property name="Exif/Software" value="OnePlus3-user 6.0.1 MMB29M 26 dev-keys"/>
          <property name="File/ImageHeight" value="2610"/>
          <property name="File/ImageWidth" value="4640"/>
          <property name="System/FileModifyDate" value="2016:11:20 08:09:01"/>
          <property name="System/FileSize" value="2902952"/>
        </meta>
      </photo>
    </camera>
    <camera camera_id="58">
      <photo path="../../../images/IMG_20161118_162708.jpg">
        <meta>
          <property name="Exif/ApertureValue" value="2"/>
          <property name="Exif/DateTime" value="2016:11:18 16:27:07"/>
          <property name="Exif/DateTimeOriginal" value="2016:11:18 16:27:07"/>
          <property name="Exif/ExposureTime" value="0.0588235294117647"/>
          <property name="Exif/FNumber" value="2"/>
          <property name="Exif/FocalLength" value="4.26"/>
          <property name="Exif/FocalLengthIn35mmFilm" value="25"/>
          <property name="Exif/ISOSpeedRatings" value="3200"/>
          <property name="Exif/Make" value="OnePlus"/>
          <property name="Exif/Model" value="ONEPLUS A3003"/>
          <property name="Exif/ShutterSpeedValue" value="4.058"/>
          <property name="Exif/Software" value="OnePlus3-user 6.0.1 MMB29M 26 dev-keys"/>
          <property name="File/ImageHeight" value="2610"/>
          <property name="File/ImageWidth" value="4640"/>
          <property name="System/FileModifyDate" value="2016:11:20 08:08:55"/>
          <property name="System/FileSize" value="2120393"/>
        </meta>
      </photo>
    </camera>
    <camera camera_id="59">
      <photo path="../../../images/IMG_20161118_162709.jpg">
        <meta>
          <property name="Exif/ApertureValue" value="2"/>
          <property name="Exif/DateTime" value="2016:11:18 16:27:09"/>
          <property name="Exif/DateTimeOriginal" value="2016:11:18 16:27:09"/>
          <property name="Exif/ExposureTime" value="0.0588235294117647"/>
          <property name="Exif/FNumber" value="2"/>
          <property name="Exif/FocalLength" value="4.26"/>
          <property name="Exif/FocalLengthIn35mmFilm" value="25"/>
          <property name="Exif/ISOSpeedRatings" value="3200"/>
          <property name="Exif/Make" value="OnePlus"/>
          <property name="Exif/Model" value="ONEPLUS A3003"/>
          <property name="Exif/ShutterSpeedValue" value="4.058"/>
          <property name="Exif/Software" value="OnePlus3-user 6.0.1 MMB29M 26 dev-keys"/>
          <property name="File/ImageHeight" value="2610"/>
          <property name="File/ImageWidth" value="4640"/>
          <property name="System/FileModifyDate" value="2016:11:20 08:08:52"/>
          <property name="System/FileSize" value="2018919"/>
        </meta>
      </photo>
    </camera>
    <camera camera_id="60">
      <photo path="../../../images/IMG_20161118_162711.jpg">
        <meta>
          <property name="Exif/ApertureValue" value="2"/>
          <property name="Exif/DateTime" value="2016:11:18 16:27:11"/>
          <property name="Exif/DateTimeOriginal" value="2016:11:18 16:27:11"/>
          <property name="Exif/ExposureTime" value="0.0588235294117647"/>
          <property name="Exif/FNumber" value="2"/>
          <property name="Exif/FocalLength" value="4.26"/>
          <property name="Exif/FocalLengthIn35mmFilm" value="25"/>
          <property name="Exif/ISOSpeedRatings" value="5000"/>
          <property name="Exif/Make" value="OnePlus"/>
          <property name="Exif/Model" value="ONEPLUS A3003"/>
          <property name="Exif/ShutterSpeedValue" value="4.058"/>
          <property name="Exif/Software" value="OnePlus3-user 6.0.1 MMB29M 26 dev-keys"/>
          <property name="File/ImageHeight" value="2610"/>
          <property name="File/ImageWidth" value="4640"/>
          <property name="System/FileModifyDate" value="2016:11:20 08:08:49"/>
          <property name="System/FileSize" value="2107566"/>
        </meta>
      </photo>
    </camera>
    <camera camera_id="61">
      <photo path="../../../images/IMG_20161118_162712.jpg">
        <meta>
          <property name="Exif/ApertureValue" value="2"/>
          <property name="Exif/DateTime" value="2016:11:18 16:27:12"/>
          <property name="Exif/DateTimeOriginal" value="2016:11:18 16:27:12"/>
          <property name="Exif/ExposureTime" value="0.0588235294117647"/>
          <property name="Exif/FNumber" value="2"/>
          <property name="Exif/FocalLength" value="4.26"/>
          <property name="Exif/FocalLengthIn35mmFilm" value="25"/>
          <property name="Exif/ISOSpeedRatings" value="3200"/>
          <property name="Exif/Make" value="OnePlus"/>
          <property name="Exif/Model" value="ONEPLUS A3003"/>
          <property name="Exif/ShutterSpeedValue" value="4.058"/>
          <property name="Exif/Software" value="OnePlus3-user 6.0.1 MMB29M 26 dev-keys"/>
          <property name="File/ImageHeight" value="2610"/>
          <property name="File/ImageWidth" value="4640"/>
          <property name="System/FileModifyDate" value="2016:11:20 08:08:46"/>
          <property name="System/FileSize" value="2456812"/>
        </meta>
      </photo>
    </camera>
    <camera camera_id="62">
      <photo path="../../../images/IMG_20161118_162715.jpg">
        <meta>
          <property name="Exif/ApertureValue" value="2"/>
          <property name="Exif/DateTime" value="2016:11:18 16:27:15"/>
          <property name="Exif/DateTimeOriginal" value="2016:11:18 16:27:15"/>
          <property name="Exif/ExposureTime" value="0.0588235294117647"/>
          <property name="Exif/FNumber" value="2"/>
          <property name="Exif/FocalLength" value="4.26"/>
          <property name="Exif/FocalLengthIn35mmFilm" value="25"/>
          <property name="Exif/ISOSpeedRatings" value="3200"/>
          <property name="Exif/Make" value="OnePlus"/>
          <property name="Exif/Model" value="ONEPLUS A3003"/>
          <property name="Exif/ShutterSpeedValue" value="4.058"/>
          <property name="Exif/Software" value="OnePlus3-user 6.0.1 MMB29M 26 dev-keys"/>
          <property name="File/ImageHeight" value="2610"/>
          <property name="File/ImageWidth" value="4640"/>
          <property name="System/FileModifyDate" value="2016:11:20 08:08:43"/>
          <property name="System/FileSize" value="2261042"/>
        </meta>
      </photo>
    </camera>
    <camera camera_id="63">
      <photo path="../../../images/IMG_20161118_162717.jpg">
        <meta>
          <property name="Exif/ApertureValue" value="2"/>
          <property name="Exif/DateTime" value="2016:11:18 16:27:16"/>
          <property name="Exif/DateTimeOriginal" value="2016:11:18 16:27:16"/>
          <property name="Exif/ExposureTime" value="0.0588235294117647"/>
          <property name="Exif/FNumber" value="2"/>
          <property name="Exif/FocalLength" value="4.26"/>
          <property name="Exif/FocalLengthIn35mmFilm" value="25"/>
          <property name="Exif/ISOSpeedRatings" value="3200"/>
          <property name="Exif/Make" value="OnePlus"/>
          <property name="Exif/Model" value="ONEPLUS A3003"/>
          <property name="Exif/ShutterSpeedValue" value="4.058"/>
          <property name="Exif/Software" value="OnePlus3-user 6.0.1 MMB29M 26 dev-keys"/>
          <property name="File/ImageHeight" value="2610"/>
          <property name="File/ImageWidth" value="4640"/>
          <property name="System/FileModifyDate" value="2016:11:20 08:08:41"/>
          <property name="System/FileSize" value="2207528"/>
        </meta>
      </photo>
    </camera>
    <camera camera_id="64">
      <photo path="../../../images/IMG_20161118_162718.jpg">
        <meta>
          <property name="Exif/ApertureValue" value="2"/>
          <property name="Exif/DateTime" value="2016:11:18 16:27:18"/>
          <property name="Exif/DateTimeOriginal" value="2016:11:18 16:27:18"/>
          <property name="Exif/ExposureTime" value="0.0588235294117647"/>
          <property name="Exif/FNumber" value="2"/>
          <property name="Exif/FocalLength" value="4.26"/>
          <property name="Exif/FocalLengthIn35mmFilm" value="25"/>
          <property name="Exif/ISOSpeedRatings" value="3200"/>
          <property name="Exif/Make" value="OnePlus"/>
          <property name="Exif/Model" value="ONEPLUS A3003"/>
          <property name="Exif/ShutterSpeedValue" value="4.058"/>
          <property name="Exif/Software" value="OnePlus3-user 6.0.1 MMB29M 26 dev-keys"/>
          <property name="File/ImageHeight" value="2610"/>
          <property name="File/ImageWidth" value="4640"/>
          <property name="System/FileModifyDate" value="2016:11:20 08:08:38"/>
          <property name="System/FileSize" value="2170312"/>
        </meta>
      </photo>
    </camera>
    <camera camera_id="65">
      <photo path="../../../images/IMG_20161118_162720.jpg">
        <meta>
          <property name="Exif/ApertureValue" value="2"/>
          <property name="Exif/DateTime" value="2016:11:18 16:27:19"/>
          <property name="Exif/DateTimeOriginal" value="2016:11:18 16:27:19"/>
          <property name="Exif/ExposureTime" value="0.0588235294117647"/>
          <property name="Exif/FNumber" value="2"/>
          <property name="Exif/FocalLength" value="4.26"/>
          <property name="Exif/FocalLengthIn35mmFilm" value="25"/>
          <property name="Exif/ISOSpeedRatings" value="3200"/>
          <property name="Exif/Make" value="OnePlus"/>
          <property name="Exif/Model" value="ONEPLUS A3003"/>
          <property name="Exif/ShutterSpeedValue" value="4.058"/>
          <property name="Exif/Software" value="OnePlus3-user 6.0.1 MMB29M 26 dev-keys"/>
          <property name="File/ImageHeight" value="2610"/>
          <property name="File/ImageWidth" value="4640"/>
          <property name="System/FileModifyDate" value="2016:11:20 08:08:35"/>
          <property name="System/FileSize" value="2402897"/>
        </meta>
      </photo>
    </camera>
    <camera camera_id="66">
      <photo path="../../../images/IMG_20161118_162722.jpg">
        <meta>
          <property name="Exif/ApertureValue" value="2"/>
          <property name="Exif/DateTime" value="2016:11:18 16:27:21"/>
          <property name="Exif/DateTimeOriginal" value="2016:11:18 16:27:21"/>
          <property name="Exif/ExposureTime" value="0.0588235294117647"/>
          <property name="Exif/FNumber" value="2"/>
          <property name="Exif/FocalLength" value="4.26"/>
          <property name="Exif/FocalLengthIn35mmFilm" value="25"/>
          <property name="Exif/ISOSpeedRatings" value="3200"/>
          <property name="Exif/Make" value="OnePlus"/>
          <property name="Exif/Model" value="ONEPLUS A3003"/>
          <property name="Exif/ShutterSpeedValue" value="4.058"/>
          <property name="Exif/Software" value="OnePlus3-user 6.0.1 MMB29M 26 dev-keys"/>
          <property name="File/ImageHeight" value="2610"/>
          <property name="File/ImageWidth" value="4640"/>
          <property name="System/FileModifyDate" value="2016:11:20 08:08:30"/>
          <property name="System/FileSize" value="2448120"/>
        </meta>
      </photo>
    </camera>
    <camera camera_id="67">
      <photo path="../../../images/IMG_20161118_162723.jpg">
        <meta>
          <property name="Exif/ApertureValue" value="2"/>
          <property name="Exif/DateTime" value="2016:11:18 16:27:23"/>
          <property name="Exif/DateTimeOriginal" value="2016:11:18 16:27:23"/>
          <property name="Exif/ExposureTime" value="0.0588235294117647"/>
          <property name="Exif/FNumber" value="2"/>
          <property name="Exif/FocalLength" value="4.26"/>
          <property name="Exif/FocalLengthIn35mmFilm" value="25"/>
          <property name="Exif/ISOSpeedRatings" value="3200"/>
          <property name="Exif/Make" value="OnePlus"/>
          <property name="Exif/Model" value="ONEPLUS A3003"/>
          <property name="Exif/ShutterSpeedValue" value="4.058"/>
          <property name="Exif/Software" value="OnePlus3-user 6.0.1 MMB29M 26 dev-keys"/>
          <property name="File/ImageHeight" value="2610"/>
          <property name="File/ImageWidth" value="4640"/>
          <property name="System/FileModifyDate" value="2016:11:20 08:08:26"/>
          <property name="System/FileSize" value="1971996"/>
        </meta>
      </photo>
    </camera>
    <camera camera_id="68">
      <photo path="../../../images/IMG_20161118_162726.jpg">
        <meta>
          <property name="Exif/ApertureValue" value="2"/>
          <property name="Exif/DateTime" value="2016:11:18 16:27:25"/>
          <property name="Exif/DateTimeOriginal" value="2016:11:18 16:27:25"/>
          <property name="Exif/ExposureTime" value="0.0588235294117647"/>
          <property name="Exif/FNumber" value="2"/>
          <property name="Exif/FocalLength" value="4.26"/>
          <property name="Exif/FocalLengthIn35mmFilm" value="25"/>
          <property name="Exif/ISOSpeedRatings" value="2000"/>
          <property name="Exif/Make" value="OnePlus"/>
          <property name="Exif/Model" value="ONEPLUS A3003"/>
          <property name="Exif/ShutterSpeedValue" value="4.058"/>
          <property name="Exif/Software" value="OnePlus3-user 6.0.1 MMB29M 26 dev-keys"/>
          <property name="File/ImageHeight" value="2610"/>
          <property name="File/ImageWidth" value="4640"/>
          <property name="System/FileModifyDate" value="2016:11:20 08:08:24"/>
          <property name="System/FileSize" value="2219793"/>
        </meta>
      </photo>
    </camera>
    <camera camera_id="69">
      <photo path="../../../images/IMG_20161118_162727.jpg">
        <meta>
          <property name="Exif/ApertureValue" value="2"/>
          <property name="Exif/DateTime" value="2016:11:18 16:27:27"/>
          <property name="Exif/DateTimeOriginal" value="2016:11:18 16:27:27"/>
          <property name="Exif/ExposureTime" value="0.0588235294117647"/>
          <property name="Exif/FNumber" value="2"/>
          <property name="Exif/FocalLength" value="4.26"/>
          <property name="Exif/FocalLengthIn35mmFilm" value="25"/>
          <property name="Exif/ISOSpeedRatings" value="3200"/>
          <property name="Exif/Make" value="OnePlus"/>
          <property name="Exif/Model" value="ONEPLUS A3003"/>
          <property name="Exif/ShutterSpeedValue" value="4.058"/>
          <property name="Exif/Software" value="OnePlus3-user 6.0.1 MMB29M 26 dev-keys"/>
          <property name="File/ImageHeight" value="2610"/>
          <property name="File/ImageWidth" value="4640"/>
          <property name="System/FileModifyDate" value="2016:11:20 08:08:20"/>
          <property name="System/FileSize" value="2079632"/>
        </meta>
      </photo>
    </camera>
    <camera camera_id="70">
      <photo path="../../../images/IMG_20161118_162728.jpg">
        <meta>
          <property name="Exif/ApertureValue" value="2"/>
          <property name="Exif/DateTime" value="2016:11:18 16:27:28"/>
          <property name="Exif/DateTimeOriginal" value="2016:11:18 16:27:28"/>
          <property name="Exif/ExposureTime" value="0.0588235294117647"/>
          <property name="Exif/FNumber" value="2"/>
          <property name="Exif/FocalLength" value="4.26"/>
          <property name="Exif/FocalLengthIn35mmFilm" value="25"/>
          <property name="Exif/ISOSpeedRatings" value="3200"/>
          <property name="Exif/Make" value="OnePlus"/>
          <property name="Exif/Model" value="ONEPLUS A3003"/>
          <property name="Exif/ShutterSpeedValue" value="4.058"/>
          <property name="Exif/Software" value="OnePlus3-user 6.0.1 MMB29M 26 dev-keys"/>
          <property name="File/ImageHeight" value="2610"/>
          <property name="File/ImageWidth" value="4640"/>
          <property name="System/FileModifyDate" value="2016:11:20 08:08:18"/>
          <property name="System/FileSize" value="2021621"/>
        </meta>
      </photo>
    </camera>
    <camera camera_id="71">
      <photo path="../../../images/IMG_20161118_162730.jpg">
        <meta>
          <property name="Exif/ApertureValue" value="2"/>
          <property name="Exif/DateTime" value="2016:11:18 16:27:30"/>
          <property name="Exif/DateTimeOriginal" value="2016:11:18 16:27:30"/>
          <property name="Exif/ExposureTime" value="0.0588235294117647"/>
          <property name="Exif/FNumber" value="2"/>
          <property name="Exif/FocalLength" value="4.26"/>
          <property name="Exif/FocalLengthIn35mmFilm" value="25"/>
          <property name="Exif/ISOSpeedRatings" value="3200"/>
          <property name="Exif/Make" value="OnePlus"/>
          <property name="Exif/Model" value="ONEPLUS A3003"/>
          <property name="Exif/ShutterSpeedValue" value="4.058"/>
          <property name="Exif/Software" value="OnePlus3-user 6.0.1 MMB29M 26 dev-keys"/>
          <property name="File/ImageHeight" value="2610"/>
          <property name="File/ImageWidth" value="4640"/>
          <property name="System/FileModifyDate" value="2016:11:20 08:08:15"/>
          <property name="System/FileSize" value="1885017"/>
        </meta>
      </photo>
    </camera>
    <camera camera_id="72">
      <photo path="../../../images/IMG_20161118_162732.jpg">
        <meta>
          <property name="Exif/ApertureValue" value="2"/>
          <property name="Exif/DateTime" value="2016:11:18 16:27:32"/>
          <property name="Exif/DateTimeOriginal" value="2016:11:18 16:27:32"/>
          <property name="Exif/ExposureTime" value="0.0588235294117647"/>
          <property name="Exif/FNumber" value="2"/>
          <property name="Exif/FocalLength" value="4.26"/>
          <property name="Exif/FocalLengthIn35mmFilm" value="25"/>
          <property name="Exif/ISOSpeedRatings" value="3200"/>
          <property name="Exif/Make" value="OnePlus"/>
          <property name="Exif/Model" value="ONEPLUS A3003"/>
          <property name="Exif/ShutterSpeedValue" value="4.058"/>
          <property name="Exif/Software" value="OnePlus3-user 6.0.1 MMB29M 26 dev-keys"/>
          <property name="File/ImageHeight" value="2610"/>
          <property name="File/ImageWidth" value="4640"/>
          <property name="System/FileModifyDate" value="2016:11:20 08:08:12"/>
          <property name="System/FileSize" value="1970314"/>
        </meta>
      </photo>
    </camera>
    <camera camera_id="73">
      <photo path="../../../images/IMG_20161118_162738.jpg">
        <meta>
          <property name="Exif/ApertureValue" value="2"/>
          <property name="Exif/DateTime" value="2016:11:18 16:27:38"/>
          <property name="Exif/DateTimeOriginal" value="2016:11:18 16:27:38"/>
          <property name="Exif/ExposureTime" value="0.0588235294117647"/>
          <property name="Exif/FNumber" value="2"/>
          <property name="Exif/FocalLength" value="4.26"/>
          <property name="Exif/FocalLengthIn35mmFilm" value="25"/>
          <property name="Exif/ISOSpeedRatings" value="2500"/>
          <property name="Exif/Make" value="OnePlus"/>
          <property name="Exif/Model" value="ONEPLUS A3003"/>
          <property name="Exif/ShutterSpeedValue" value="4.058"/>
          <property name="Exif/Software" value="OnePlus3-user 6.0.1 MMB29M 26 dev-keys"/>
          <property name="File/ImageHeight" value="2610"/>
          <property name="File/ImageWidth" value="4640"/>
          <property name="System/FileModifyDate" value="2016:11:20 08:08:08"/>
          <property name="System/FileSize" value="2591538"/>
        </meta>
      </photo>
    </camera>
    <camera camera_id="74">
      <photo path="../../../images/IMG_20161118_162739.jpg">
        <meta>
          <property name="Exif/ApertureValue" value="2"/>
          <property name="Exif/DateTime" value="2016:11:18 16:27:39"/>
          <property name="Exif/DateTimeOriginal" value="2016:11:18 16:27:39"/>
          <property name="Exif/ExposureTime" value="0.0588235294117647"/>
          <property name="Exif/FNumber" value="2"/>
          <property name="Exif/FocalLength" value="4.26"/>
          <property name="Exif/FocalLengthIn35mmFilm" value="25"/>
          <property name="Exif/ISOSpeedRatings" value="3200"/>
          <property name="Exif/Make" value="OnePlus"/>
          <property name="Exif/Model" value="ONEPLUS A3003"/>
          <property name="Exif/ShutterSpeedValue" value="4.058"/>
          <property name="Exif/Software" value="OnePlus3-user 6.0.1 MMB29M 26 dev-keys"/>
          <property name="File/ImageHeight" value="2610"/>
          <property name="File/ImageWidth" value="4640"/>
          <property name="System/FileModifyDate" value="2016:11:20 08:08:06"/>
          <property name="System/FileSize" value="2648988"/>
        </meta>
      </photo>
    </camera>
    <camera camera_id="75">
      <photo path="../../../images/IMG_20161118_162740.jpg">
        <meta>
          <property name="Exif/ApertureValue" value="2"/>
          <property name="Exif/DateTime" value="2016:11:18 16:27:40"/>
          <property name="Exif/DateTimeOriginal" value="2016:11:18 16:27:40"/>
          <property name="Exif/ExposureTime" value="0.0588235294117647"/>
          <property name="Exif/FNumber" value="2"/>
          <property name="Exif/FocalLength" value="4.26"/>
          <property name="Exif/FocalLengthIn35mmFilm" value="25"/>
          <property name="Exif/ISOSpeedRatings" value="3200"/>
          <property name="Exif/Make" value="OnePlus"/>
          <property name="Exif/Model" value="ONEPLUS A3003"/>
          <property name="Exif/ShutterSpeedValue" value="4.058"/>
          <property name="Exif/Software" value="OnePlus3-user 6.0.1 MMB29M 26 dev-keys"/>
          <property name="File/ImageHeight" value="2610"/>
          <property name="File/ImageWidth" value="4640"/>
          <property name="System/FileModifyDate" value="2016:11:20 08:08:03"/>
          <property name="System/FileSize" value="2538761"/>
        </meta>
      </photo>
    </camera>
    <camera camera_id="76">
      <photo path="../../../images/IMG_20161118_162744.jpg">
        <meta>
          <property name="Exif/ApertureValue" value="2"/>
          <property name="Exif/DateTime" value="2016:11:18 16:27:43"/>
          <property name="Exif/DateTimeOriginal" value="2016:11:18 16:27:43"/>
          <property name="Exif/ExposureTime" value="0.0588235294117647"/>
          <property name="Exif/FNumber" value="2"/>
          <property name="Exif/FocalLength" value="4.26"/>
          <property name="Exif/FocalLengthIn35mmFilm" value="25"/>
          <property name="Exif/ISOSpeedRatings" value="3200"/>
          <property name="Exif/Make" value="OnePlus"/>
          <property name="Exif/Model" value="ONEPLUS A3003"/>
          <property name="Exif/ShutterSpeedValue" value="4.058"/>
          <property name="Exif/Software" value="OnePlus3-user 6.0.1 MMB29M 26 dev-keys"/>
          <property name="File/ImageHeight" value="2610"/>
          <property name="File/ImageWidth" value="4640"/>
          <property name="System/FileModifyDate" value="2016:11:20 08:08:00"/>
          <property name="System/FileSize" value="2370838"/>
        </meta>
      </photo>
    </camera>
  </cameras>
  <masks path="masks/masks.zip"/>
  <thumbnails path="thumbnails/thumbnails.zip"/>
  <point_cloud path="point_cloud.1/point_cloud.zip"/>
  <depth_maps path="depth_maps/depth_maps.zip"/>
  <dense_cloud path="dense_cloud/dense_cloud.zip"/>
  <model path="model/model.zip"/>
</frame>
