<?xml version="1.0" encoding="UTF-8"?>
<point_cloud version="1.2.0">
  <tracks path="tracks.ply" count="65784"/>
  <points path="points.ply" count="56202"/>
  <projections camera_id="0" path="p0.ply" count="4848"/>
  <projections camera_id="1" path="p1.ply" count="4092"/>
  <projections camera_id="2" path="p2.ply" count="4364"/>
  <projections camera_id="3" path="p3.ply" count="4285"/>
  <projections camera_id="4" path="p4.ply" count="4072"/>
  <projections camera_id="5" path="p5.ply" count="4000"/>
  <projections camera_id="6" path="p6.ply" count="469"/>
  <projections camera_id="7" path="p7.ply" count="3019"/>
  <projections camera_id="8" path="p8.ply" count="3699"/>
  <projections camera_id="9" path="p9.ply" count="3997"/>
  <projections camera_id="10" path="p10.ply" count="4126"/>
  <projections camera_id="11" path="p11.ply" count="1712"/>
  <projections camera_id="12" path="p12.ply" count="4088"/>
  <projections camera_id="13" path="p13.ply" count="5510"/>
  <projections camera_id="14" path="p14.ply" count="4069"/>
  <projections camera_id="15" path="p15.ply" count="5482"/>
  <projections camera_id="16" path="p16.ply" count="4139"/>
  <projections camera_id="17" path="p17.ply" count="5900"/>
  <projections camera_id="18" path="p18.ply" count="5176"/>
  <projections camera_id="19" path="p19.ply" count="4213"/>
  <projections camera_id="20" path="p20.ply" count="4713"/>
  <projections camera_id="21" path="p21.ply" count="4027"/>
  <projections camera_id="22" path="p22.ply" count="1278"/>
  <projections camera_id="24" path="p24.ply" count="1601"/>
  <projections camera_id="25" path="p25.ply" count="934"/>
  <projections camera_id="26" path="p26.ply" count="4083"/>
  <projections camera_id="27" path="p27.ply" count="4075"/>
  <projections camera_id="28" path="p28.ply" count="1446"/>
  <projections camera_id="29" path="p29.ply" count="3719"/>
  <projections camera_id="31" path="p31.ply" count="4003"/>
  <projections camera_id="32" path="p32.ply" count="3468"/>
  <projections camera_id="33" path="p33.ply" count="3961"/>
  <projections camera_id="34" path="p34.ply" count="4568"/>
  <projections camera_id="35" path="p35.ply" count="2366"/>
  <projections camera_id="36" path="p36.ply" count="4274"/>
  <projections camera_id="37" path="p37.ply" count="1870"/>
  <projections camera_id="38" path="p38.ply" count="4070"/>
  <projections camera_id="39" path="p39.ply" count="2886"/>
  <projections camera_id="40" path="p40.ply" count="3545"/>
  <projections camera_id="41" path="p41.ply" count="4355"/>
  <projections camera_id="42" path="p42.ply" count="4002"/>
  <projections camera_id="43" path="p43.ply" count="4012"/>
  <projections camera_id="44" path="p44.ply" count="1994"/>
  <projections camera_id="45" path="p45.ply" count="3006"/>
  <projections camera_id="46" path="p46.ply" count="4598"/>
  <projections camera_id="47" path="p47.ply" count="4024"/>
  <projections camera_id="48" path="p48.ply" count="3985"/>
  <projections camera_id="49" path="p49.ply" count="1374"/>
  <projections camera_id="50" path="p50.ply" count="1892"/>
  <projections camera_id="51" path="p51.ply" count="1837"/>
  <projections camera_id="52" path="p52.ply" count="449"/>
  <projections camera_id="53" path="p53.ply" count="2532"/>
  <projections camera_id="54" path="p54.ply" count="1086"/>
  <projections camera_id="55" path="p55.ply" count="1688"/>
  <projections camera_id="56" path="p56.ply" count="762"/>
  <projections camera_id="57" path="p57.ply" count="120"/>
  <projections camera_id="58" path="p58.ply" count="2337"/>
  <projections camera_id="59" path="p59.ply" count="3263"/>
  <projections camera_id="60" path="p60.ply" count="3240"/>
  <projections camera_id="61" path="p61.ply" count="941"/>
  <projections camera_id="62" path="p62.ply" count="4009"/>
  <projections camera_id="63" path="p63.ply" count="4368"/>
  <projections camera_id="64" path="p64.ply" count="4013"/>
  <projections camera_id="65" path="p65.ply" count="4265"/>
  <projections camera_id="66" path="p66.ply" count="3999"/>
  <projections camera_id="67" path="p67.ply" count="3649"/>
  <projections camera_id="68" path="p68.ply" count="3306"/>
  <projections camera_id="69" path="p69.ply" count="4551"/>
  <projections camera_id="70" path="p70.ply" count="4063"/>
  <projections camera_id="71" path="p71.ply" count="1622"/>
  <projections camera_id="72" path="p72.ply" count="2905"/>
  <projections camera_id="73" path="p73.ply" count="4007"/>
  <projections camera_id="74" path="p74.ply" count="4043"/>
  <projections camera_id="75" path="p75.ply" count="4349"/>
  <projections camera_id="76" path="p76.ply" count="2709"/>
  <meta>
    <property name="match/duration" value="1162.778122"/>
    <property name="match/match_downscale" value="0"/>
    <property name="match/match_filter_mask" value="true"/>
    <property name="match/match_point_limit" value="40000"/>
    <property name="match/match_select_pairs" value="1"/>
    <property name="match/match_tiepoint_limit" value="4000"/>
  </meta>
</point_cloud>
